{
    "last_node_id": 15,
    "last_link_id": 16,
    "nodes": [
      {
        "id": 13,
        "type": "VHS_VideoCombine",
        "pos": {
          "0": 1830,
          "1": -180
        },
        "size": [
          360,
          928.4444444444445
        ],
        "flags": {},
        "order": 2,
        "mode": 0,
        "inputs": [
          {
            "name": "images",
            "type": "IMAGE",
            "link": 14,
            "label": "图像"
          },
          {
            "name": "audio",
            "type": "AUDIO",
            "link": null,
            "label": "音频"
          },
          {
            "name": "meta_batch",
            "type": "VHS_BatchManager",
            "link": null,
            "label": "批次管理"
          },
          {
            "name": "vae",
            "type": "VAE",
            "link": null
          }
        ],
        "outputs": [
          {
            "name": "Filenames",
            "type": "VHS_FILENAMES",
            "links": null,
            "shape": 3,
            "label": "文件名"
          }
        ],
        "properties": {
          "Node name for S&R": "VHS_VideoCombine"
        },
        "widgets_values": {
          "frame_rate": 30,
          "loop_count": 0,
          "filename_prefix": "AnimateDiff",
          "format": "video/h265-mp4",
          "pix_fmt": "yuv420p10le",
          "crf": 22,
          "save_metadata": true,
          "pingpong": false,
          "save_output": true,
          "videopreview": {
            "hidden": false,
            "paused": false,
            "params": {
              "filename": "AnimateDiff_00004.mp4",
              "subfolder": "",
              "type": "output",
              "format": "video/h265-mp4",
              "frame_rate": 30
            },
            "muted": false
          }
        }
      },
      {
        "id": 14,
        "type": "MaskToImage",
        "pos": {
          "0": 1466,
          "1": 93
        },
        "size": {
          "0": 210,
          "1": 30
        },
        "flags": {},
        "order": 3,
        "mode": 0,
        "inputs": [
          {
            "name": "mask",
            "type": "MASK",
            "link": 15,
            "label": "遮罩"
          }
        ],
        "outputs": [
          {
            "name": "IMAGE",
            "type": "IMAGE",
            "links": [
              16
            ],
            "slot_index": 0,
            "shape": 3,
            "label": "图像"
          }
        ],
        "properties": {
          "Node name for S&R": "MaskToImage"
        }
      },
      {
        "id": 15,
        "type": "VHS_VideoCombine",
        "pos": {
          "0": 1409,
          "1": 210
        },
        "size": [
          360,
          928.4444444444445
        ],
        "flags": {},
        "order": 4,
        "mode": 0,
        "inputs": [
          {
            "name": "images",
            "type": "IMAGE",
            "link": 16,
            "label": "图像"
          },
          {
            "name": "audio",
            "type": "AUDIO",
            "link": null,
            "label": "音频"
          },
          {
            "name": "meta_batch",
            "type": "VHS_BatchManager",
            "link": null,
            "label": "批次管理"
          },
          {
            "name": "vae",
            "type": "VAE",
            "link": null
          }
        ],
        "outputs": [
          {
            "name": "Filenames",
            "type": "VHS_FILENAMES",
            "links": null,
            "shape": 3,
            "label": "文件名"
          }
        ],
        "properties": {
          "Node name for S&R": "VHS_VideoCombine"
        },
        "widgets_values": {
          "frame_rate": 30,
          "loop_count": 0,
          "filename_prefix": "AnimateDiff",
          "format": "video/h265-mp4",
          "pix_fmt": "yuv420p10le",
          "crf": 22,
          "save_metadata": true,
          "pingpong": false,
          "save_output": true,
          "videopreview": {
            "hidden": false,
            "paused": false,
            "params": {
              "filename": "AnimateDiff_00005.mp4",
              "subfolder": "",
              "type": "output",
              "format": "video/h265-mp4",
              "frame_rate": 30
            },
            "muted": false
          }
        }
      },
      {
        "id": 11,
        "type": "VHS_LoadVideo",
        "pos": {
          "0": 826,
          "1": -90
        },
        "size": [
          210,
          466
        ],
        "flags": {},
        "order": 0,
        "mode": 0,
        "inputs": [
          {
            "name": "meta_batch",
            "type": "VHS_BatchManager",
            "link": null,
            "label": "批次管理"
          },
          {
            "name": "vae",
            "type": "VAE",
            "link": null
          }
        ],
        "outputs": [
          {
            "name": "IMAGE",
            "type": "IMAGE",
            "links": [
              12
            ],
            "slot_index": 0,
            "shape": 3,
            "label": "图像"
          },
          {
            "name": "frame_count",
            "type": "INT",
            "links": null,
            "shape": 3,
            "label": "帧计数"
          },
          {
            "name": "audio",
            "type": "AUDIO",
            "links": null,
            "shape": 3,
            "label": "音频"
          },
          {
            "name": "video_info",
            "type": "VHS_VIDEOINFO",
            "links": null,
            "shape": 3,
            "label": "视频信息"
          }
        ],
        "properties": {
          "Node name for S&R": "VHS_LoadVideo"
        },
        "widgets_values": {
          "video": "6月28日(1).mp4",
          "force_rate": 0,
          "force_size": "Disabled",
          "custom_width": 512,
          "custom_height": 512,
          "frame_load_cap": 0,
          "skip_first_frames": 0,
          "select_every_nth": 1,
          "choose video to upload": "image",
          "videopreview": {
            "hidden": false,
            "paused": false,
            "params": {
              "frame_load_cap": 0,
              "skip_first_frames": 0,
              "force_rate": 0,
              "filename": "6月28日(1).mp4",
              "type": "input",
              "format": "video/mp4",
              "select_every_nth": 1
            },
            "muted": false
          }
        }
      },
      {
        "id": 1,
        "type": "BiRefNet_Lite",
        "pos": {
          "0": 1076,
          "1": -81
        },
        "size": {
          "0": 319.6482238769531,
          "1": 154.82546997070312
        },
        "flags": {},
        "order": 1,
        "mode": 0,
        "inputs": [
          {
            "name": "image",
            "type": "IMAGE",
            "link": 12,
            "slot_index": 0,
            "label": "图像"
          }
        ],
        "outputs": [
          {
            "name": "image",
            "type": "IMAGE",
            "links": [
              14
            ],
            "slot_index": 0,
            "shape": 3,
            "label": "图像"
          },
          {
            "name": "mask",
            "type": "MASK",
            "links": [
              15
            ],
            "slot_index": 1,
            "shape": 3,
            "label": "遮罩"
          }
        ],
        "properties": {
          "Node name for S&R": "BiRefNet_Hugo"
        },
        "widgets_values": [
            true,
            "cpu",
            "putalpha",
            0,
            true,
            240,
            10,
            10,
            "BiRefNet"
        ]
      }
    ],
    "links": [
      [
        12,
        11,
        0,
        1,
        0,
        "IMAGE"
      ],
      [
        14,
        1,
        0,
        13,
        0,
        "IMAGE"
      ],
      [
        15,
        1,
        1,
        14,
        0,
        "MASK"
      ],
      [
        16,
        14,
        0,
        15,
        0,
        "IMAGE"
      ]
    ],
    "groups": [],
    "config": {},
    "extra": {
      "ds": {
        "scale": 1.6105100000000008,
        "offset": [
          -674.0647486185928,
          271.0286531806558
        ]
      }
    },
    "version": 0.4
  }