{
  "last_node_id": 3,
  "last_link_id": 2,
  "nodes": [
    {
      "id": 1,
      "type": "LoadImage",
      "pos": {
        "0": 92,
        "1": 168
      },
      "size": [
        315,
        314
      ],
      "flags": {},
      "order": 0,
      "mode": 0,
      "inputs": [],
      "outputs": [
        {
          "name": "IMAGE",
          "type": "IMAGE",
          "links": [
            1
          ],
          "slot_index": 0
        },
        {
          "name": "MASK",
          "type": "MASK",
          "links": null
        }
      ],
      "properties": {
        "Node name for S&R": "LoadImage"
      },
      "widgets_values": [
        "耳机2.png",
        "image"
      ]
    },
    {
      "id": 3,
      "type": "PreviewImage",
      "pos": {
        "0": 1010,
        "1": 110
      },
      "size": [
        210,
        246
      ],
      "flags": {},
      "order": 2,
      "mode": 0,
      "inputs": [
        {
          "name": "images",
          "type": "IMAGE",
          "link": 2
        }
      ],
      "outputs": [],
      "properties": {
        "Node name for S&R": "PreviewImage"
      }
    },
    {
      "id": 2,
      "type": "BiRefNet_Lite",
      "pos": {
        "0": 579,
        "1": 139
      },
      "size": {
        "0": 315,
        "1": 270
      },
      "flags": {},
      "order": 1,
      "mode": 0,
      "inputs": [
        {
          "name": "image",
          "type": "IMAGE",
          "link": 1
        }
      ],
      "outputs": [
        {
          "name": "image",
          "type": "IMAGE",
          "links": [
            2
          ],
          "slot_index": 0
        },
        {
          "name": "mask",
          "type": "MASK",
          "links": null
        }
      ],
      "properties": {
        "Node name for S&R": "BiRefNet_Lite"
      },
      "widgets_values": [
        true,
        "cpu",
        "putalpha",
        0,
        true,
        240,
        10,
        10,
        "BiRefNet"
      ]
    }
  ],
  "links": [
    [
      1,
      1,
      0,
      2,
      0,
      "IMAGE"
    ],
    [
      2,
      2,
      0,
      3,
      0,
      "IMAGE"
    ]
  ],
  "groups": [],
  "config": {},
  "extra": {
    "ds": {
      "scale": 1,
      "offset": [
        -0.25390625,
        0
      ]
    }
  },
  "version": 0.4
}